{
    "counter": {
        "ACTIVE": 16817,
        "INACTIVE": 4181,
        "INVALID": 2,
        "MALICIOUS": 0,
        "SANE": 0,
        "VALID": 0,
        "total": 21000
    },
    "percentage": {
        "ACTIVE": 80.08095238095238,
        "INACTIVE": 19.91236843358575,
        "INVALID": 0.016295934164425974,
        "MALICIOUS": 0,
        "SANE": 0,
        "VALID": 0,
        "total": 100.00961674870257
    }
}