{
    "counter": {
        "ACTIVE": 18478,
        "INACTIVE": 2522,
        "INVALID": 0,
        "MALICIOUS": 0,
        "SANE": 0,
        "VALID": 0,
        "total": 21000
    },
    "percentage": {
        "ACTIVE": 87.99047619047619,
        "INACTIVE": 12.010095718843754,
        "INVALID": 0,
        "MALICIOUS": 0,
        "SANE": 0,
        "VALID": 0,
        "total": 100.00057190931994
    }
}