{
    "counter": {
        "ACTIVE": 16694,
        "INACTIVE": 4304,
        "INVALID": 2,
        "MALICIOUS": 0,
        "SANE": 0,
        "VALID": 0,
        "total": 21000
    },
    "percentage": {
        "ACTIVE": 79.4952380952381,
        "INACTIVE": 20.498166404724483,
        "INVALID": 0.016295934164425974,
        "MALICIOUS": 0,
        "SANE": 0,
        "VALID": 0,
        "total": 100.00970043412701
    }
}