{
    "counter": {
        "ACTIVE": 16623,
        "INACTIVE": 4377,
        "INVALID": 0,
        "MALICIOUS": 0,
        "SANE": 0,
        "VALID": 0,
        "total": 21000
    },
    "percentage": {
        "ACTIVE": 79.15714285714286,
        "INACTIVE": 20.86272640610105,
        "INVALID": 0,
        "MALICIOUS": 0,
        "SANE": 0,
        "VALID": 0,
        "total": 100.0198692632439
    }
}