{
    "counter": {
        "ACTIVE": 14868,
        "INACTIVE": 6130,
        "INVALID": 2,
        "MALICIOUS": 0,
        "SANE": 0,
        "VALID": 0,
        "total": 21000
    },
    "percentage": {
        "ACTIVE": 70.8,
        "INACTIVE": 29.19047619047619,
        "INVALID": 0.009523809523809525,
        "MALICIOUS": 0.0,
        "SANE": 0.0,
        "VALID": 0.0,
        "total": 100.0
    }
}