{
    "counter": {
        "ACTIVE": 17080,
        "INACTIVE": 3918,
        "INVALID": 2,
        "MALICIOUS": 0,
        "SANE": 0,
        "VALID": 0,
        "total": 21000
    },
    "percentage": {
        "ACTIVE": 81.33333333333333,
        "INACTIVE": 18.658031334825466,
        "INVALID": 0.016295934164425974,
        "MALICIOUS": 0,
        "SANE": 0,
        "VALID": 0,
        "total": 100.00766060232323
    }
}