{
    "counter": {
        "ACTIVE": 15350,
        "INACTIVE": 5648,
        "INVALID": 2,
        "MALICIOUS": 0,
        "SANE": 0,
        "VALID": 0,
        "total": 21000
    },
    "percentage": {
        "ACTIVE": 73.0952380952381,
        "INACTIVE": 26.895238095238096,
        "INVALID": 0.009523809523809525,
        "MALICIOUS": 0.0,
        "SANE": 0.0,
        "VALID": 0.0,
        "total": 100.00000000000001
    }
}