{
    "counter": {
        "ACTIVE": 15022,
        "INACTIVE": 5976,
        "INVALID": 2,
        "MALICIOUS": 0,
        "SANE": 0,
        "VALID": 0,
        "total": 21000
    },
    "percentage": {
        "ACTIVE": 71.53333333333333,
        "INACTIVE": 28.457142857142856,
        "INVALID": 0.009523809523809525,
        "MALICIOUS": 0.0,
        "SANE": 0.0,
        "VALID": 0.0,
        "total": 100.0
    }
}