{
    "counter": {
        "ACTIVE": 17178,
        "INACTIVE": 3820,
        "INVALID": 2,
        "MALICIOUS": 0,
        "SANE": 0,
        "VALID": 0,
        "total": 21000
    },
    "percentage": {
        "ACTIVE": 81.8,
        "INACTIVE": 18.197408536585368,
        "INVALID": 0.016295934164425974,
        "MALICIOUS": 0,
        "SANE": 0,
        "VALID": 0,
        "total": 100.0137044707498
    }
}