{
    "counter": {
        "ACTIVE": 17422,
        "INACTIVE": 3576,
        "INVALID": 2,
        "MALICIOUS": 0,
        "SANE": 0,
        "VALID": 0,
        "total": 21000
    },
    "percentage": {
        "ACTIVE": 82.96190476190476,
        "INACTIVE": 17.035060975609756,
        "INVALID": 0.016295934164425974,
        "MALICIOUS": 0,
        "SANE": 0,
        "VALID": 0,
        "total": 100.01326167167895
    }
}