{
    "counter": {
        "ACTIVE": 17528,
        "INACTIVE": 3470,
        "INVALID": 2,
        "MALICIOUS": 0,
        "SANE": 0,
        "VALID": 0,
        "total": 21000
    },
    "percentage": {
        "ACTIVE": 83.46666666666667,
        "INACTIVE": 16.530106707317074,
        "INVALID": 0.016295934164425974,
        "MALICIOUS": 0,
        "SANE": 0,
        "VALID": 0,
        "total": 100.01306930814818
    }
}